Picture of Hurricane Isabel taken at Sea-Fiction!			https://www.truthorfiction.com/isabel/			2015-04-01T22:02:07+00:00
Courage at the Tomb of the Unknowns during Hurricane Isabel-Truth!			https://www.truthorfiction.com/tombofunknowns/			2015-03-17T20:42:37+00:00
A sign from God after hurricane Charlie-Truth!			https://www.truthorfiction.com/signfromgod/			2015-03-17T20:42:36+00:00
Physician’s criticism of hurricane survivors in Texas-Fiction!			https://www.truthorfiction.com/hurricane-criticism/			2015-03-17T20:42:31+00:00
The Crocodile Combing the Waters of New Orleans Looking for People to Eat – Fiction!			https://www.truthorfiction.com/hurricane-croc/			2015-03-17T20:42:31+00:00
Petiton to President Bush for lower gas prices after Katrina-Grass rootseffort!			https://www.truthorfiction.com/hurricane-gas-prices/			2015-03-17T20:42:31+00:00
Hurricane Katrina halted plans for Southern Decadence Day?-Truth!			https://www.truthorfiction.com/hurricane-gays-and-gamblers/			2015-03-17T20:42:31+00:00
Pictures of Hurricane Katrina-Fiction!			https://www.truthorfiction.com/hurricane-katrins-pix/			2015-03-17T20:42:31+00:00
Gas Rationing because of Hurricane Katrina?-Fiction!			https://www.truthorfiction.com/hurricane-rationing/			2015-03-17T20:42:31+00:00
Forward an email for the Red Cross for victims of hurricaneKatrina-Fiction!			https://www.truthorfiction.com/hurricane-redcross/			2015-03-17T20:42:31+00:00
Rumors among survivors of hurricane Katrina-Unproven!			https://www.truthorfiction.com/hurricane-rumors/			2015-03-17T20:42:31+00:00
Help the Victims of Hurricane Katrina			https://www.truthorfiction.com/hurricanerelief/			2015-03-17T20:42:31+00:00
Picture of President Bush and his father fishing in the streets of New Orleans after the hurricane-Fiction!			https://www.truthorfiction.com/bushvacation/			2015-03-17T20:42:26+00:00
Responder’s First Hand Report from Haiti-Unproven!			https://www.truthorfiction.com/haiti-diary/			2015-03-17T18:06:23+00:00
