Air Malaysia Pilot Resurfaces 2 Years After Flight MH370 Disappeared			https://www.truthorfiction.com/air-malaysia-pilot-resurfaces-2-years-after-flight-mh370-disappeared/			2016-02-17T08:57:50+00:00
An “Amber Alert” about 9-year-old Nicholas Farber, Kidnapped From California-Truth! but Resolved!			https://www.truthorfiction.com/nicholas/			2015-03-17T22:38:40+00:00
Four-year-old abducted in store, hair shaved, clothes changed-Fiction!			https://www.truthorfiction.com/codeadam/			2015-03-17T22:02:03+00:00
Help Find Branson Perry of Skidmore, Missouri-Truth!			https://www.truthorfiction.com/branson/			2015-03-17T22:02:01+00:00
Asha Degree, a ten-year-old is missing from North Carolina-Truth!			https://www.truthorfiction.com/asha/			2015-03-17T21:57:54+00:00
Find little Christopher John Mineo Jr-Fiction!			https://www.truthorfiction.com/christopher/			2015-03-17T21:56:55+00:00
Aaron Russell Steinmetz, missing in Florida-Once Truth! Now Resolved!			https://www.truthorfiction.com/aaronsteinmetz/			2015-03-17T21:45:58+00:00
Help Find Little Madeleine McCann-Truth!			https://www.truthorfiction.com/madeleine/			2015-03-17T21:40:56+00:00
Help find Erin from Cedar Rapids-Truth!			https://www.truthorfiction.com/erin/			2015-03-17T21:40:52+00:00
Katelyn Marie Craven Missing-Truth! but Found!			https://www.truthorfiction.com/katelyn-marie-craven/			2015-03-17T21:40:51+00:00
Help find Sabrina Fair Allen-Truth!			https://www.truthorfiction.com/sabrina/			2015-03-17T20:42:36+00:00
Help Find Kathlee Hennigan			https://www.truthorfiction.com/hennigan/			2015-03-17T20:42:30+00:00
Help find Evan Trembley a missing 15-year old			https://www.truthorfiction.com/evantrembley/			2015-03-17T20:39:38+00:00
14 Year Old Devin Ward is Missing- Previously Truth! Now Resolved!!			https://www.truthorfiction.com/devin-ward/			2015-03-17T20:39:36+00:00
Help Find Reachelle Marie Smith-Truth!			https://www.truthorfiction.com/reachelle/			2015-03-17T18:06:30+00:00
Help Find Missing Teen Paulina Scedrinaite-Truth! but Found!			https://www.truthorfiction.com/paulina-scedrinaite-missing/			2015-03-17T18:06:30+00:00
Amber Alert for Hailey Owens in Missouri–Previously Truth! Now Ended!			https://www.truthorfiction.com/amber-alert-hailey-owens/			2015-03-17T18:06:27+00:00
Kelsey Brooke Jones, a missing little girl-Fiction!			https://www.truthorfiction.com/kelsey/			2015-03-17T18:06:25+00:00
Forward an email to help Debbie Schwartz-Fiction!			https://www.truthorfiction.com/debbieschwartz/			2015-03-17T18:06:21+00:00
Help Find Ashley Flores-Fiction!			https://www.truthorfiction.com/ashleyflores/			2015-03-17T18:06:17+00:00
Amber Alert for Jewel Strong-Truth!			https://www.truthorfiction.com/amber-alert-jewel-strong/			2015-03-17T18:06:16+00:00
Krystava Patients Schmidt, a missing girl-Truth! Now Resolved!			https://www.truthorfiction.com/krystava/			2015-03-17T17:52:19+00:00
Appeal From Tracy Russell in Colorado to find her kids-Truth!			https://www.truthorfiction.com/tracyrussell/			2015-03-17T16:37:00+00:00
Help find Penny Brown-Fiction!			https://www.truthorfiction.com/pennybrown/			2015-03-16T17:08:17+00:00
5-year-old Jessica Koopmans is missing in Canada-Once Truth! Now Resolved!			https://www.truthorfiction.com/jessica/			2015-03-16T17:08:13+00:00
Help find 7-year-old Danielle van Dam from San Diego-Truth! But now over!			https://www.truthorfiction.com/danielle/			2015-03-16T17:08:09+00:00
Focus on Amber Alerts			https://www.truthorfiction.com/amberalerts/			2015-03-16T17:08:06+00:00
