9-11 Attack on America	https://www.truthorfiction.com/category/9-11-attack/
Animals	https://www.truthorfiction.com/category/animals/
Appeals	https://www.truthorfiction.com/category/appeals/
Business	https://www.truthorfiction.com/category/business/
Celebrities	https://www.truthorfiction.com/category/celebrities/
Computers	https://www.truthorfiction.com/category/computers/
Crime - Police	https://www.truthorfiction.com/category/crime-police/
Education	https://www.truthorfiction.com/category/education/
Environment	https://www.truthorfiction.com/category/environment/
Food - Drink	https://www.truthorfiction.com/category/food/
Government	https://www.truthorfiction.com/category/government/
Health - Medical	https://www.truthorfiction.com/category/health-medical/
Household	https://www.truthorfiction.com/category/household/
Humorous	https://www.truthorfiction.com/category/humorous/
Immigration	https://www.truthorfiction.com/category/immigration/
Insects	https://www.truthorfiction.com/category/insects/
Inspirational	https://www.truthorfiction.com/category/inspirational/
Internet	https://www.truthorfiction.com/category/internet/
Medical	https://www.truthorfiction.com/category/medical/
Military	https://www.truthorfiction.com/category/military/
Miscellaneous	https://www.truthorfiction.com/category/miscellaneous/
Missing Persons	https://www.truthorfiction.com/category/missing/
Money - Financial	https://www.truthorfiction.com/category/money-financial/
Hurricanes	https://www.truthorfiction.com/category/natural-disasters/hurricane/
Katrina	https://www.truthorfiction.com/category/natural-disasters/katrina/
Tsunamis	https://www.truthorfiction.com/category/natural-disasters/tsunami/
Obama	https://www.truthorfiction.com/category/obama/
Pleas	https://www.truthorfiction.com/category/pleas/
Politics	https://www.truthorfiction.com/category/politics/
Prayers	https://www.truthorfiction.com/category/prayers/
Promises	https://www.truthorfiction.com/category/promises/
Redfaces	https://www.truthorfiction.com/category/redfaces/
Religious	https://www.truthorfiction.com/category/religious/
Space - Aviation	https://www.truthorfiction.com/category/space-aviation/
Terrorism	https://www.truthorfiction.com/category/terrorism/
Viruses	https://www.truthorfiction.com/category/virus/
War	https://www.truthorfiction.com/category/war/
Warnings	https://www.truthorfiction.com/category/warnings/
