Monsanto Says Genetically Modified Ants Could Replace Honey Bees-Fiction!			https://www.truthorfiction.com/monsanto-says-genetically-modified-ants-could-replace-honey-bees/
Deadly Brazilian Wandering Spider Found in Bananas-Reported as Fiction!			https://www.truthorfiction.com/deadly-brazilian-wandering-spider-found-in-bananas/
Ziploc Bags Full of Pennies and Water Keep Flies Away- Fiction!			https://www.truthorfiction.com/ziploc-bags-full-of-pennies-and-water-keep-flies-away/
Camel spiders in the gulf-Truth!			https://www.truthorfiction.com/camelspider/
The man-eating snake-Unproven!			https://www.truthorfiction.com/snake/
Ants can invade your brain, so donâ€™t eat sweets at bedtime-Fiction!			https://www.truthorfiction.com/antbrains/
The cactus that was teeming with tarantulas-Fiction!			https://www.truthorfiction.com/cactus/
Beware of New Poisonous Spiders In the United States-Fiction!			https://www.truthorfiction.com/bushspiders/
Cockroach eggs in taco meat-Fiction!			https://www.truthorfiction.com/tacoroaches/
Parasites infesting the breast from new bras-Fiction!			https://www.truthorfiction.com/infestedbreast/
Florida mother who saved her son from an alligator-Fiction!			https://www.truthorfiction.com/alligator/
Warning about Formosan Termites-Fiction!			https://www.truthorfiction.com/formosan-termites/
Giant Toilet Spider Attacks Foot-Fiction!			https://www.truthorfiction.com/giant-toilet-spider-attacks-foot/
Wash your Undies!			https://www.truthorfiction.com/parasites-bras/
It Is Raining Spiders in Brazil-Fiction!			https://www.truthorfiction.com/brazilian-sky-spiders/
Puppy-sized Goliath Spider Found in South America-Truth!			https://www.truthorfiction.com/goliath-spider/
Pictures of a victim of brown reclusive spider bite-Unproven!			https://www.truthorfiction.com/brown-recluse-spider/
Angolan Witch Spider- Fiction!			https://www.truthorfiction.com/angolan-witch-spider/
Cockroaches found in the mouth of a woman who licked an envelope infestedwith roach eggs-Fiction!			https://www.truthorfiction.com/enveloperoaches/
Green grass snakes-Fiction!			https://www.truthorfiction.com/greensnakes/
